{
  "timestamp": "2025-03-08T15:00:30",
  "videos_analyzed": [
    "VID92",
    "VID96",
    "VID103",
    "VID110",
    "VID111"
  ],
  "metrics": {
    "instruments": {
      "micro_metrics": {
        "TP": 8210,
        "FP": 2367,
        "FN": 4431,
        "precision": 0.7762125366360972,
        "recall": 0.649473934024207,
        "f1": 0.7072099233353433
      },
      "per_class": {
        "bipolar": {
          "AP": 0.31071150154209143,
          "precision": 0.17781402936378465,
          "recall": 0.2898936170212766,
          "f1": 0.22042467138523758,
          "TP": 218,
          "FP": 1008,
          "FN": 534,
          "gt_count": 718
        },
        "grasper": {
          "AP": 0.9221824757074231,
          "precision": 0.9080082135523614,
          "recall": 0.6565701559020044,
          "f1": 0.762085308056872,
          "TP": 4422,
          "FP": 448,
          "FN": 2313,
          "gt_count": 5765
        },
        "clipper": {
          "AP": 0.34308811479720974,
          "precision": 0.007920792079207921,
          "recall": 0.012987012987012988,
          "f1": 0.00984009840098401,
          "TP": 4,
          "FP": 501,
          "FN": 304,
          "gt_count": 308
        },
        "irrigator": {
          "AP": 0.9581923076923077,
          "precision": 0.0,
          "recall": 0.0,
          "f1": 0.0,
          "TP": 0,
          "FP": 6,
          "FN": 250,
          "gt_count": 250
        },
        "hook": {
          "AP": 0.9585425322076078,
          "precision": 0.9140929146119906,
          "recall": 0.789332138054684,
          "f1": 0.8471437161755861,
          "TP": 3522,
          "FP": 331,
          "FN": 940,
          "gt_count": 4433
        },
        "scissors": {
          "AP": 0.529483847369361,
          "precision": 0.37606837606837606,
          "recall": 0.3283582089552239,
          "f1": 0.35059760956175295,
          "TP": 44,
          "FP": 73,
          "FN": 90,
          "gt_count": 134
        }
      },
      "mAP": 0.6703667965526668
    },
    "verbs": {
      "micro_metrics": {
        "TP": 5198,
        "FP": 5779,
        "FN": 7898,
        "precision": 0.4735355743828004,
        "recall": 0.39691508857666463,
        "f1": 0.43185311344659993
      },
      "per_class": {
        "coagulate": {
          "AP": 0.28895446168992656,
          "precision": 0.13004846526655897,
          "recall": 0.26788685524126454,
          "f1": 0.17509516041326809,
          "TP": 161,
          "FP": 1077,
          "FN": 440,
          "gt_count": 572
        },
        "null_verb": {
          "AP": 0.8417866233841124,
          "precision": 0.13559322033898305,
          "recall": 0.022701475595913734,
          "f1": 0.03889158969372873,
          "TP": 40,
          "FP": 255,
          "FN": 1722,
          "gt_count": 1762
        },
        "clip": {
          "AP": 0.3149316836651969,
          "precision": 0.004228329809725159,
          "recall": 0.007380073800738007,
          "f1": 0.005376344086021505,
          "TP": 2,
          "FP": 471,
          "FN": 269,
          "gt_count": 271
        },
        "retract": {
          "AP": 0.49181428898431623,
          "precision": 0.46811308349769887,
          "recall": 0.775599128540305,
          "f1": 0.5838458384583846,
          "TP": 2136,
          "FP": 2427,
          "FN": 618,
          "gt_count": 2265
        },
        "grasp": {
          "AP": 0.8209792785971533,
          "precision": 0.19117647058823528,
          "recall": 0.03831725616291533,
          "f1": 0.06383928571428572,
          "TP": 143,
          "FP": 605,
          "FN": 3589,
          "gt_count": 3732
        },
        "aspirate": {
          "AP": 0.9473855339777127,
          "precision": 0.5,
          "recall": 0.00558659217877095,
          "f1": 0.011049723756906077,
          "TP": 1,
          "FP": 1,
          "FN": 178,
          "gt_count": 179
        },
        "dissect": {
          "AP": 0.7882880182740932,
          "precision": 0.7511210762331838,
          "recall": 0.77300259590424,
          "f1": 0.7619047619047619,
          "TP": 2680,
          "FP": 888,
          "FN": 787,
          "gt_count": 3448
        },
        "cut": {
          "AP": 0.6913187860590692,
          "precision": 0.3888888888888889,
          "recall": 0.15217391304347827,
          "f1": 0.21875000000000003,
          "TP": 35,
          "FP": 55,
          "FN": 195,
          "gt_count": 230
        },
        "pack": {
          "AP": 0.0,
          "precision": 0.0,
          "recall": 0.0,
          "f1": 0.0,
          "TP": 0,
          "FP": 0,
          "FN": 96,
          "gt_count": 96
        },
        "irrigate": {
          "AP": 0.0,
          "precision": 0.0,
          "recall": 0.0,
          "f1": 0.0,
          "TP": 0,
          "FP": 0,
          "FN": 4,
          "gt_count": 4
        }
      },
      "mAP": 0.518545867463158
    },
    "iv_pairs": {
      "micro_metrics": {
        "TP": 4791,
        "FP": 5232,
        "FN": 8355,
        "precision": 0.47800059862316674,
        "recall": 0.36444545869466,
        "f1": 0.41356985627346887
      },
      "per_class": {
        "bipolar_coagulate": {
          "AP": 0.2592685322870055,
          "precision": 0.13854853911404336,
          "recall": 0.2615658362989324,
          "f1": 0.18114602587800369,
          "TP": 147,
          "FP": 914,
          "FN": 415,
          "gt_count": 534
        },
        "grasper_null_verb": {
          "AP": 0.99293343999839,
          "precision": 0.0,
          "recall": 0.0,
          "f1": 0.0,
          "TP": 0,
          "FP": 1,
          "FN": 679,
          "gt_count": 679
        },
        "clipper_clip": {
          "AP": 0.31493962929927116,
          "precision": 0.004830917874396135,
          "recall": 0.007380073800738007,
          "f1": 0.00583941605839416,
          "TP": 2,
          "FP": 412,
          "FN": 269,
          "gt_count": 271
        },
        "grasper_retract": {
          "AP": 0.4732281334807762,
          "precision": 0.4603413654618474,
          "recall": 0.6664244186046512,
          "f1": 0.5445368171021377,
          "TP": 1834,
          "FP": 2150,
          "FN": 918,
          "gt_count": 2263
        },
        "grasper_grasp": {
          "AP": 0.8228375433900251,
          "precision": 0.1871508379888268,
          "recall": 0.03593456690801824,
          "f1": 0.06029246344206974,
          "TP": 134,
          "FP": 582,
          "FN": 3595,
          "gt_count": 3729
        },
        "irrigator_aspirate": {
          "AP": 0.9431955898436345,
          "precision": 0.0,
          "recall": 0.0,
          "f1": 0.0,
          "TP": 0,
          "FP": 1,
          "FN": 179,
          "gt_count": 179
        },
        "hook_dissect": {
          "AP": 0.795100966791539,
          "precision": 0.7550786838340486,
          "recall": 0.7894107089440622,
          "f1": 0.7718631178707224,
          "TP": 2639,
          "FP": 856,
          "FN": 704,
          "gt_count": 3324
        },
        "hook_null_verb": {
          "AP": 0.7484455858707183,
          "precision": 0.0,
          "recall": 0.0,
          "f1": 0.0,
          "TP": 0,
          "FP": 272,
          "FN": 962,
          "gt_count": 962
        },
        "hook_coagulate": {
          "AP": 0.0,
          "precision": 0.0,
          "recall": 0.0,
          "f1": 0.0,
          "TP": 0,
          "FP": 0,
          "FN": 38,
          "gt_count": 38
        },
        "scissors_cut": {
          "AP": 0.5789316127531732,
          "precision": 0.4430379746835443,
          "recall": 0.28,
          "f1": 0.34313725490196084,
          "TP": 35,
          "FP": 44,
          "FN": 90,
          "gt_count": 125
        },
        "hook_cut": {
          "AP": 0.0,
          "precision": 0.0,
          "recall": 0.0,
          "f1": 0.0,
          "TP": 0,
          "FP": 0,